{
    "ADANIENT": [
        2283.6437499999997,
        2290.629166666666,
        2277.1729166666664,
        2284.664583333333,
        36281.541666666664
    ],
    "ADANIPORTS": [
        1080.7854166666666,
        1084.2354166666667,
        1077.1,
        1081.0916666666667,
        93864.95833333333
    ],
    "APOLLOHOSP": [
        6701.54375,
        6715.3125,
        6689.270833333333,
        6703.01875,
        7924.791666666667
    ],
    "ASIANPAINT": [
        2253.4020833333334,
        2257.016666666667,
        2249.03125,
        2252.4583333333335,
        35989.416666666664
    ],
    "AXISBANK": [
        982.4229166666668,
        984.6645833333333,
        980.6041666666666,
        983.2145833333334,
        850845.9583333334
    ],
    "BAJAJ_AUTO": [
        8421.239583333334,
        8437.458333333334,
        8404.820833333333,
        8421.004166666666,
        19451.583333333332
    ],
    "BAJFINANCE": [
        7525.8,
        7546.216666666667,
        7507.314583333333,
        7533.520833333333,
        98641.25
    ],
    "BAJAJFINSV": [
        1747.6395833333336,
        1752.7395833333333,
        1744.0666666666666,
        1749.2083333333333,
        97868.25
    ],
    "BPCL": [
        259.45625,
        260.15208333333334,
        258.5520833333333,
        259.36875000000003,
        524015.0416666667
    ],
    "BHARTIARTL": [
        1613.2791666666665,
        1616.3,
        1610.9250000000002,
        1614.0083333333332,
        204800.20833333334
    ],
    "BRITANNIA": [
        5104.589583333333,
        5114.229166666667,
        5087.152083333333,
        5100.443749999999,
        17800.458333333332
    ],
    "CIPLA": [
        1398.40625,
        1406.1104166666667,
        1391.7520833333335,
        1400.2229166666666,
        228778.79166666666
    ],
    "COALINDIA": [
        371.89791666666673,
        372.7291666666667,
        370.8895833333333,
        371.8666666666666,
        365851.25
    ],
    "DIVISLAB": [
        5500.833333333333,
        5514.175,
        5480.854166666667,
        5494.895833333333,
        23778.458333333332
    ],
    "DRREDDY": [
        1177.3479166666666,
        1180.5520833333333,
        1174.7333333333333,
        1177.45625,
        117610.33333333333
    ],
    "EICHERMOT": [
        5161.993750000001,
        5171.5125,
        5148.547916666667,
        5158.947916666667,
        24199.125
    ],
    "GRASIM": [
        2437.4666666666667,
        2442.352083333333,
        2430.0604166666667,
        2435.6791666666663,
        30025.208333333332
    ],
    "HCLTECH": [
        1710.6833333333334,
        1714.4916666666668,
        1705.79375,
        1709.7770833333332,
        196818.75
    ],
    "HDFCBANK": [
        1674.1499999999999,
        1677.0729166666667,
        1671.6937500000001,
        1674.9395833333335,
        566701.0833333334
    ],
    "HDFCLIFE": [
        607.7041666666668,
        609.2208333333333,
        606.1770833333334,
        607.6687499999999,
        102355.04166666667
    ],
    "HEROMOTOCO": [
        4025.1124999999997,
        4034.3270833333336,
        4015.8375,
        4024.9562499999997,
        17727.416666666668
    ],
    "HINDALCO": [
        579.1958333333333,
        580.6458333333334,
        577.5083333333333,
        578.9895833333334,
        231863.04166666666
    ],
    "HINDUNILVR": [
        2393.2291666666665,
        2396.59375,
        2389.75,
        2392.922916666667,
        75611.83333333333
    ],
    "ICICIBANK": [
        1255.53125,
        1257.83125,
        1253.2229166666666,
        1255.5291666666667,
        650999.75
    ],
    "ITC": [
        437.31874999999997,
        438.2354166666667,
        436.36249999999995,
        437.1375,
        847933.25
    ],
    "INDUSINDBK": [
        939.2416666666667,
        941.6437499999998,
        936.9,
        939.0354166666666,
        213909.625
    ],
    "INFY": [
        1843.8104166666665,
        1847.51875,
        1839.4624999999999,
        1842.6791666666668,
        253158.83333333334
    ],
    "JSWSTEEL": [
        913.3937499999998,
        915.6708333333332,
        911.2312499999999,
        913.1354166666666,
        40978.333333333336
    ],
    "KOTAKBANK": [
        1887.314583333333,
        1890.2312499999998,
        1883.9312500000003,
        1887.6645833333332,
        195295.54166666666
    ],
    "LTIM": [
        5677.337500000001,
        5689.535416666667,
        5663.354166666667,
        5675.210416666668,
        10172.541666666666
    ],
    "LT": [
        3433.2666666666664,
        3440.9083333333333,
        3425.777083333334,
        3432.5729166666665,
        63478.333333333336
    ],
    "M_M": [
        2866.8041666666663,
        2876.495833333334,
        2860.789583333333,
        2870.1687500000003,
        92500.54166666667
    ],
    "MARUTI": [
        12007.741666666669,
        12031.485416666668,
        11986.712500000001,
        12014.137499999999,
        21546.541666666668
    ],
    "NTPC": [
        314.3541666666667,
        315.3458333333333,
        313.29583333333335,
        314.46458333333334,
        881102.1666666666
    ],
    "NESTLEIND": [
        2155.4708333333333,
        2160.347916666666,
        2150.045833333333,
        2154.7333333333336,
        29196.708333333332
    ],
    "ONGC": [
        249.56583333333333,
        250.15375000000003,
        248.82666666666668,
        249.53958333333333,
        307126.0833333333
    ],
    "POWERGRID": [
        283.6791666666667,
        284.43541666666664,
        282.83958333333334,
        283.66875,
        436264.9583333333
    ],
    "RELIANCE": [
        1233.7583333333334,
        1236.1625000000001,
        1231.5541666666666,
        1234.2208333333335,
        396712.8333333333
    ],
    "SBILIFE": [
        1423.7020833333333,
        1427.3500000000001,
        1420.9083333333335,
        1423.7208333333335,
        60846.958333333336
    ],
    "SHRIRAMFIN": [
        526.2604166666666,
        528.9708333333334,
        523.7854166666667,
        526.4458333333333,
        618181.125
    ],
    "SBIN": [
        752.3270833333332,
        753.8229166666666,
        750.6791666666668,
        752.2666666666665,
        543048.75
    ],
    "SUNPHARMA": [
        1708.3125,
        1714.0729166666667,
        1702.6312499999997,
        1707.9520833333333,
        236921.16666666666
    ],
    "TCS": [
        4057.2062499999997,
        4065.2958333333336,
        4047.2937499999994,
        4054.8729166666667,
        92762.66666666667
    ],
    "TATACONSUM": [
        968.9333333333334,
        971.24375,
        966.2520833333334,
        968.3562499999999,
        65990.875
    ],
    "TATAMOTORS": [
        726.9770833333333,
        729.6520833333334,
        724.9833333333332,
        727.6208333333334,
        603695.9166666666
    ],
    "TATASTEEL": [
        128.76125000000002,
        129.15625,
        128.45041666666668,
        128.8075,
        1350167.6666666667
    ],
    "TECHM": [
        1650.8583333333336,
        1654.6958333333334,
        1647.1166666666668,
        1650.7354166666664,
        70536.29166666667
    ],
    "TITAN": [
        3334.554166666667,
        3343.1374999999994,
        3326.445833333333,
        3334.85,
        22543.916666666668
    ],
    "ULTRACEMCO": [
        11211.862500000001,
        11239.554166666669,
        11185.816666666666,
        11217.262500000003,
        17236.291666666668
    ],
    "WIPRO": [
        304.1541666666667,
        304.78541666666666,
        303.3645833333333,
        304.03749999999997,
        441592.75
    ]
}